<?xml version="1.0" encoding="UTF-8"?>
<project-private xmlns="http://www.netbeans.org/ns/project-private/1">
    <editor-bookmarks xmlns="http://www.netbeans.org/ns/editor-bookmarks/2" lastBookmarkId="1"/>
    <open-files xmlns="http://www.netbeans.org/ns/projectui-open-files/2">
        <group>
            <file>file:/home/ikergo55/NetBeansProjects/FinalProject/src/finalproject/ServerRunnable.java</file>
            <file>file:/home/ikergo55/NetBeansProjects/FinalProject/src/finalproject/Goalkeeper.java</file>
            <file>file:/home/ikergo55/NetBeansProjects/FinalProject/src/finalproject/DrawPanel.java</file>
            <file>file:/home/ikergo55/NetBeansProjects/FinalProject/src/finalproject/Ball.java</file>
            <file>file:/home/ikergo55/NetBeansProjects/FinalProject/src/finalproject/ClientRunnable.java</file>
            <file>file:/home/ikergo55/NetBeansProjects/FinalProject/src/finalproject/Player.java</file>
        </group>
    </open-files>
</project-private>
