<?xml version="1.0" encoding="UTF-8"?>
<project-private xmlns="http://www.netbeans.org/ns/project-private/1">
    <editor-bookmarks xmlns="http://www.netbeans.org/ns/editor-bookmarks/2" lastBookmarkId="0"/>
    <open-files xmlns="http://www.netbeans.org/ns/projectui-open-files/2">
        <group>
            <file>file:/home/alumno/NetBeansProjects/casinoPOO/src/casinoPOO/Jugador.java</file>
            <file>file:/home/alumno/NetBeansProjects/casinoPOO/src/casinoPOO/Dado.java</file>
            <file>file:/home/alumno/NetBeansProjects/casinoPOO/src/casinoPOO/Partida.java</file>
            <file>file:/home/alumno/NetBeansProjects/casinoPOO/src/casinoPOO/Casino.java</file>
            <file>file:/home/alumno/NetBeansProjects/casinoPOO/src/casinoPOO/ejecutorCasino.java</file>
        </group>
    </open-files>
</project-private>
