<?xml version="1.0" encoding="UTF-8"?>
<project-private xmlns="http://www.netbeans.org/ns/project-private/1">
    <editor-bookmarks xmlns="http://www.netbeans.org/ns/editor-bookmarks/2" lastBookmarkId="0"/>
    <open-files xmlns="http://www.netbeans.org/ns/projectui-open-files/2">
        <group>
            <file>file:/home/alumno/Escritorio/Correduría/src/correduría/LineaIndirecta.java</file>
            <file>file:/home/alumno/Escritorio/Correduría/src/correduría/Mafro.java</file>
            <file>file:/home/alumno/Escritorio/Correduría/src/correduría/Cliente.java</file>
            <file>file:/home/alumno/Escritorio/Correduría/src/correduría/VistaConsola.java</file>
            <file>file:/home/alumno/Escritorio/Correduría/src/correduría/Adasles.java</file>
            <file>file:/home/alumno/Escritorio/Correduría/src/correduría/Bien.java</file>
            <file>file:/home/alumno/Escritorio/Correduría/src/correduría/IVistaAdmision.java</file>
            <file>file:/home/alumno/Escritorio/Correduría/src/correduría/Correduría.java</file>
            <file>file:/home/alumno/Escritorio/Correduría/src/correduría/Aseguradora.java</file>
            <file>file:/home/alumno/Escritorio/Correduría/src/correduría/PresentadorAdmision.java</file>
        </group>
    </open-files>
</project-private>
