<?xml version="1.0" encoding="UTF-8"?>
<project-private xmlns="http://www.netbeans.org/ns/project-private/1">
    <editor-bookmarks xmlns="http://www.netbeans.org/ns/editor-bookmarks/2" lastBookmarkId="0"/>
    <open-files xmlns="http://www.netbeans.org/ns/projectui-open-files/2">
        <group>
            <file>file:/Volumes/MIKALDAZ64/docencia/Programacion.Segura/ediciones/edicion.2223/sesiones/sesion.20221116/AnonymousSecureAssociation/src/anonymoussecureassociation/AnonymousSecureAssociation.java</file>
            <file>file:/Volumes/MIKALDAZ64/docencia/Programacion.Segura/ediciones/edicion.2223/sesiones/sesion.20221116/AnonymousSecureAssociation/src/encryptedtransmission/SocketServer.java</file>
            <file>file:/Volumes/MIKALDAZ64/docencia/Programacion.Segura/ediciones/edicion.2223/sesiones/sesion.20221116/AnonymousSecureAssociation/src/encryptedtransmission/SocketClient.java</file>
        </group>
    </open-files>
</project-private>
