<?xml version="1.0" encoding="UTF-8"?>
<project-private xmlns="http://www.netbeans.org/ns/project-private/1">
    <editor-bookmarks xmlns="http://www.netbeans.org/ns/editor-bookmarks/2" lastBookmarkId="0"/>
    <open-files xmlns="http://www.netbeans.org/ns/projectui-open-files/2">
        <group>
            <file>file:/C:/Users/gazco/OneDrive%20-%20UPNA/Desktop/2.1/SOFTWARE/Net%20Beans/Casino/src/casino/Partida.java</file>
            <file>file:/C:/Users/gazco/OneDrive%20-%20UPNA/Desktop/2.1/SOFTWARE/Net%20Beans/Casino/src/casino/CasinoExtendido.java</file>
            <file>file:/C:/Users/gazco/OneDrive%20-%20UPNA/Desktop/2.1/SOFTWARE/Net%20Beans/Casino/src/casino/DadoTrucado.java</file>
            <file>file:/C:/Users/gazco/OneDrive%20-%20UPNA/Desktop/2.1/SOFTWARE/Net%20Beans/Casino/src/casino/Turno.java</file>
        </group>
    </open-files>
</project-private>
