<?xml version="1.0" encoding="UTF-8"?>
<project-private xmlns="http://www.netbeans.org/ns/project-private/1">
    <editor-bookmarks xmlns="http://www.netbeans.org/ns/editor-bookmarks/2" lastBookmarkId="0"/>
    <open-files xmlns="http://www.netbeans.org/ns/projectui-open-files/2">
        <group>
            <file>file:/C:/Users/gazco/OneDrive%20-%20UPNA/Desktop/Correduria/src/correduria/Correduria.java</file>
            <file>file:/C:/Users/gazco/OneDrive%20-%20UPNA/Desktop/Correduria/src/correduria/PresentadorAdmision.java</file>
            <file>file:/C:/Users/gazco/OneDrive%20-%20UPNA/Desktop/Correduria/src/correduria/Bien.java</file>
            <file>file:/C:/Users/gazco/OneDrive%20-%20UPNA/Desktop/Correduria/src/correduria/Oferta.java</file>
            <file>file:/C:/Users/gazco/OneDrive%20-%20UPNA/Desktop/Correduria/src/correduria/VistaConsola.java</file>
            <file>file:/C:/Users/gazco/OneDrive%20-%20UPNA/Desktop/Correduria/src/correduria/LineaIndirecta.java</file>
            <file>file:/C:/Users/gazco/OneDrive%20-%20UPNA/Desktop/Correduria/src/correduria/Adasles.java</file>
            <file>file:/C:/Users/gazco/OneDrive%20-%20UPNA/Desktop/Correduria/src/correduria/Mafro.java</file>
        </group>
    </open-files>
</project-private>
