Fecha-hora;Temperatura máxima ºC;Temperatura media ºC;Temperatura mínima ºC;Humedad relativa med. %;Humedad relativa máx. %;Humedad relativa mín. %;Precipitación acumulada l/m²;Radiación global W/m²;Velocidad media viento 2 m m/s;Dirección viento 2 m (MODA) sector;
01/01/2022 00:00:00;7.25;5.27;3.9;99.23;99.4;99.0;0.0;35.12;0.51;1.0
02/01/2022 00:00:00;12.82;6.13;2.25;93.95;99.5;68.44;0.0;65.63;0.34;2.0
03/01/2022 00:00:00;12.81;4.67;0.39;94.1;99.4;70.78;0.2;77.73;0.4;2.0
04/01/2022 00:00:00;15.73;6.2;-0.2;87.9;99.5;62.49;5.4;74.25;1.57;8.0
05/01/2022 00:00:00;8.28;4.93;0.58;78.51;92.6;63.56;0.3;65.01;1.89;8.0
06/01/2022 00:00:00;8.55;3.39;-2.24;64.35;87.5;38.36;0.0;115.28;1.76;8.0
07/01/2022 00:00:00;12.16;7.56;3.82;75.1;88.6;52.13;0.1;79.62;2.17;7.0
08/01/2022 00:00:00;12.03;6.81;0.4;69.61;92.4;42.01;0.1;107.18;1.79;7.0
09/01/2022 00:00:00;12.98;9.59;6.52;84.4;95.5;65.24;9.7;37.37;3.24;7.0
10/01/2022 00:00:00;15.29;12.62;8.22;78.04;89.8;64.81;1.3;91.4;3.25;7.0
11/01/2022 00:00:00;14.77;9.87;5.14;77.6;92.1;62.77;0.0;65.44;1.92;8.0
12/01/2022 00:00:00;14.27;6.92;-0.81;51.75;89.2;22.06;0.0;122.69;2.34;8.0
13/01/2022 00:00:00;9.46;0.47;-4.74;83.9;96.7;48.25;0.1;120.95;0.63;2.0
14/01/2022 00:00:00;8.32;-0.6;-5.98;84.9;95.9;52.21;0.2;119.79;0.52;2.0
15/01/2022 00:00:00;9.78;-0.78;-7.16;83.3;96.5;48.18;0.2;118.75;0.38;2.0
16/01/2022 00:00:00;13.12;1.3;-6.43;76.99;95.7;36.41;0.2;122.92;0.83;1.0
17/01/2022 00:00:00;13.04;3.07;-4.02;73.54;96.2;34.18;0.1;123.73;0.9;1.0
18/01/2022 00:00:00;13.21;1.12;-5.47;81.2;96.2;42.07;0.2;126.16;0.57;1.0
19/01/2022 00:00:00;11.11;2.8;-5.61;79.98;96.9;54.19;0.1;121.76;1.17;8.0
20/01/2022 00:00:00;12.86;6.86;1.81;75.02;92.3;56.64;0.0;70.2;1.77;8.0
21/01/2022 00:00:00;7.91;3.52;-2.54;61.26;84.7;39.85;0.0;131.25;2.31;8.0
22/01/2022 00:00:00;11.26;2.27;-4.37;68.02;93.8;37.06;0.0;132.41;1.24;8.0
23/01/2022 00:00:00;9.01;-0.61;-6.92;80.9;95.2;48.24;0.1;127.2;0.69;2.0
24/01/2022 00:00:00;10.25;0.32;-6.3;84.2;97.1;54.48;0.1;129.86;0.77;2.0
25/01/2022 00:00:00;11.53;0.61;-5.88;84.0;96.4;51.63;0.2;131.02;0.67;2.0
26/01/2022 00:00:00;12.47;0.85;-6.66;80.5;96.4;41.27;0.2;137.04;0.57;2.0
27/01/2022 00:00:00;15.65;1.99;-7.34;72.12;95.2;33.46;0.1;138.43;0.49;2.0
28/01/2022 00:00:00;15.31;5.84;-0.77;59.32;84.9;30.86;0.0;144.44;1.55;8.0
29/01/2022 00:00:00;17.28;2.72;-6.17;72.73;95.2;28.1;0.0;142.82;0.59;1.0
30/01/2022 00:00:00;18.87;5.88;-4.67;62.41;91.4;29.85;0.1;145.14;0.91;8.0
31/01/2022 00:00:00;12.83;7.17;-0.81;72.42;91.4;50.25;0.1;85.22;2.88;8.0
01/02/2022 00:00:00;11.6;7.43;2.62;69.63;88.0;50.64;0.1;106.94;3.09;8.0
02/02/2022 00:00:00;21.55;7.51;-2.68;69.09;97.5;27.79;0.1;154.4;1.23;8.0
03/02/2022 00:00:00;17.94;4.63;-4.12;73.54;94.0;35.64;0.1;125.23;0.62;1.0
04/02/2022 00:00:00;16.24;7.21;-1.58;75.68;97.3;46.69;0.1;114.93;1.11;8.0
05/02/2022 00:00:00;11.73;6.35;-0.31;66.87;93.4;34.71;0.0;130.9;1.74;8.0
06/02/2022 00:00:00;12.76;4.71;-1.36;69.62;91.4;42.87;0.0;141.09;1.39;8.0
07/02/2022 00:00:00;14.22;8.78;0.82;68.58;86.5;53.94;0.0;113.77;2.27;7.0
08/02/2022 00:00:00;15.31;5.69;-3.01;78.68;97.4;48.68;0.1;161.0;0.92;2.0
09/02/2022 00:00:00;10.52;2.48;-3.22;89.7;98.0;69.9;0.1;93.63;0.7;2.0
10/02/2022 00:00:00;15.33;4.03;-4.39;82.2;97.6;50.39;0.1;139.47;0.41;2.0
11/02/2022 00:00:00;15.73;6.71;-1.32;79.76;97.2;49.86;0.0;142.13;1.16;1.0
12/02/2022 00:00:00;12.63;4.33;-3.24;82.8;97.6;57.13;0.1;127.89;0.67;2.0
13/02/2022 00:00:00;18.01;10.9;3.45;69.22;93.6;33.4;0.1;144.21;2.25;4.0
14/02/2022 00:00:00;13.34;8.08;3.99;68.4;93.8;40.61;0.9;147.34;2.43;7.0
15/02/2022 00:00:00;14.78;8.27;3.33;64.66;86.8;31.65;0.1;161.11;1.69;7.0
16/02/2022 00:00:00;17.39;11.1;4.09;64.23;84.2;47.79;0.0;142.59;1.45;7.0
17/02/2022 00:00:00;19.13;11.12;2.85;76.4;96.7;50.97;0.0;144.33;0.86;1.0
18/02/2022 00:00:00;19.12;8.3;-0.03;77.54;99.5;48.64;0.1;159.84;1.47;1.0
19/02/2022 00:00:00;12.21;7.41;-2.41;64.21;92.6;44.18;0.0;142.59;2.36;8.0
20/02/2022 00:00:00;14.5;7.27;-2.18;75.69;92.5;55.22;0.0;98.73;1.23;8.0
21/02/2022 00:00:00;15.99;8.65;2.68;69.9;95.5;38.66;0.0;149.93;1.93;8.0
22/02/2022 00:00:00;17.98;9.02;0.81;54.62;99.9;18.99;0.0;197.94;1.35;8.0
23/02/2022 00:00:00;15.76;8.98;1.15;53.7;85.4;31.22;0.0;190.74;0.96;2.0
24/02/2022 00:00:00;13.65;8.06;2.2;73.63;94.8;57.94;0.0;121.64;1.64;8.0
25/02/2022 00:00:00;11.34;7.31;2.49;69.66;99.6;39.27;0.4;124.43;1.81;8.0
26/02/2022 00:00:00;14.86;6.12;-5.48;73.63;99.9;44.63;0.0;171.88;1.77;3.0
27/02/2022 00:00:00;16.14;8.91;1.87;83.36;99.9;63.61;0.1;146.76;1.02;2.0
28/02/2022 00:00:00;17.69;7.3;-1.29;78.59;96.9;44.17;0.1;202.87;0.6;2.0
01/03/2022 00:00:00;19.16;10.19;-1.41;64.54;97.8;35.38;0.1;153.36;1.22;3.0
02/03/2022 00:00:00;14.67;9.27;1.89;81.5;97.2;54.06;1.9;104.86;1.36;8.0
03/03/2022 00:00:00;11.93;5.54;-1.54;90.6;99.2;65.57;6.5;83.59;1.07;8.0
04/03/2022 00:00:00;11.83;8.13;4.81;70.57;82.2;55.25;0.0;102.55;2.74;8.0
05/03/2022 00:00:00;12.27;6.75;3.13;69.81;83.6;49.29;0.0;125.93;2.29;8.0
06/03/2022 00:00:00;9.13;6.0;1.43;68.6;89.5;51.69;0.0;64.38;1.21;8.0
07/03/2022 00:00:00;12.06;5.78;-1.08;80.1;95.5;56.55;0.3;89.44;1.77;3.0
08/03/2022 00:00:00;15.44;8.36;2.03;81.1;96.7;43.67;3.4;121.3;2.01;4.0
09/03/2022 00:00:00;14.03;7.22;-1.15;81.5;99.3;56.53;0.6;133.91;1.45;3.0
10/03/2022 00:00:00;16.35;11.04;7.8;78.47;94.1;60.58;2.9;154.86;2.89;4.0
11/03/2022 00:00:00;14.99;10.62;6.52;80.3;90.1;63.03;0.1;115.05;3.8;4.0
12/03/2022 00:00:00;16.13;9.26;2.45;72.45;97.6;35.43;5.5;213.19;0.93;1.0
13/03/2022 00:00:00;15.77;9.44;5.42;73.21;97.2;37.27;8.3;219.21;1.32;3.0
14/03/2022 00:00:00;12.62;9.05;4.85;80.3;94.6;64.01;10.3;26.79;2.28;3.0
15/03/2022 00:00:00;16.51;13.73;11.23;75.75;83.3;67.24;0.0;100.46;2.36;4.0
16/03/2022 00:00:00;13.11;11.16;7.66;83.3;97.3;68.99;0.0;53.41;1.26;1.0
17/03/2022 00:00:00;11.76;10.41;9.03;69.83;78.64;63.74;0.2;31.75;2.76;8.0
18/03/2022 00:00:00;11.52;8.91;5.29;79.82;96.8;69.6;0.0;55.17;1.62;8.0
19/03/2022 00:00:00;16.0;9.01;1.62;77.97;98.9;49.78;0.0;187.73;1.68;3.0
20/03/2022 00:00:00;15.77;11.25;8.53;76.51;90.5;57.31;0.1;99.07;2.38;3.0
21/03/2022 00:00:00;13.19;10.69;8.62;80.8;94.2;65.34;3.5;72.58;4.05;4.0
22/03/2022 00:00:00;10.82;8.54;5.15;75.26;84.7;64.69;1.4;53.83;3.22;4.0
23/03/2022 00:00:00;12.8;7.61;2.57;73.59;95.1;54.04;0.0;136.81;1.93;4.0
24/03/2022 00:00:00;10.05;6.16;0.14;88.7;98.1;65.1;1.2;62.08;0.79;3.0
25/03/2022 00:00:00;15.45;10.42;6.75;81.4;97.9;54.05;0.1;163.19;0.8;3.0
26/03/2022 00:00:00;14.45;8.98;3.07;79.49;97.7;53.74;0.0;177.55;1.22;3.0
27/03/2022 00:00:00;18.01;9.13;0.84;76.01;98.4;46.18;0.0;232.99;1.54;3.0
28/03/2022 00:00:00;17.78;9.93;1.43;73.01;97.2;45.52;0.0;177.32;1.57;3.0
29/03/2022 00:00:00;15.59;11.0;6.29;66.03;87.6;34.59;0.0;112.27;0.73;1.0
30/03/2022 00:00:00;13.13;10.27;6.72;72.65;82.5;58.72;0.0;106.25;2.04;8.0
31/03/2022 00:00:00;14.12;9.07;4.64;67.25;82.2;47.66;0.0;168.17;3.06;7.0
01/04/2022 00:00:00;9.28;3.99;0.3;73.14;96.2;40.48;2.6;211.0;3.2;8.0
02/04/2022 00:00:00;8.71;3.46;-0.22;76.92;95.9;50.16;2.7;214.47;2.44;8.0
03/04/2022 00:00:00;9.64;4.69;0.44;62.35;91.5;34.24;0.0;250.81;2.31;8.0
04/04/2022 00:00:00;11.46;3.91;-3.65;61.2;84.9;37.6;0.0;290.39;2.08;1.0
05/04/2022 00:00:00;15.82;6.7;-2.69;59.97;88.5;28.47;0.0;291.44;1.47;1.0
06/04/2022 00:00:00;18.05;9.58;0.6;65.46;88.2;43.36;0.0;269.21;1.91;1.0
07/04/2022 00:00:00;20.71;10.93;-0.49;63.2;95.0;29.6;0.0;260.65;1.59;8.0
08/04/2022 00:00:00;20.39;13.41;7.24;63.75;97.0;38.36;2.9;196.53;2.34;7.0
09/04/2022 00:00:00;16.51;10.54;2.52;70.87;96.8;44.26;0.3;195.14;1.75;1.0
10/04/2022 00:00:00;21.24;10.9;-1.13;70.59;96.8;42.34;0.1;276.39;2.94;3.0
11/04/2022 00:00:00;22.0;15.03;9.27;59.24;84.3;34.18;0.0;203.7;4.08;4.0
12/04/2022 00:00:00;20.2;13.93;8.48;72.6;96.0;44.09;3.8;231.13;2.67;4.0
13/04/2022 00:00:00;18.89;12.85;4.81;71.99;98.6;47.81;0.0;192.59;1.99;8.0
14/04/2022 00:00:00;19.75;14.49;10.19;69.91;86.5;52.0;0.0;228.13;2.26;8.0
15/04/2022 00:00:00;24.84;16.03;7.42;66.06;94.7;38.51;0.0;298.61;1.3;8.0
16/04/2022 00:00:00;24.41;17.18;11.09;51.13;75.06;28.4;0.0;317.48;3.02;8.0
17/04/2022 00:00:00;24.27;16.07;9.35;58.02;80.1;35.1;0.0;299.54;2.68;8.0
18/04/2022 00:00:00;19.75;13.93;9.44;62.9;81.5;44.23;0.0;284.84;2.58;8.0
19/04/2022 00:00:00;12.24;9.76;7.47;79.13;94.2;67.77;5.2;71.01;2.09;8.0
20/04/2022 00:00:00;12.92;9.13;6.74;73.33;95.3;45.22;1.8;138.31;2.75;8.0
21/04/2022 00:00:00;12.15;8.89;1.35;76.88;97.4;66.84;0.5;93.98;2.53;8.0
22/04/2022 00:00:00;16.41;9.13;-0.03;79.66;98.5;51.36;0.2;170.6;1.83;3.0
23/04/2022 00:00:00;13.54;9.85;7.47;76.69;95.1;54.3;0.1;147.92;3.08;6.0
24/04/2022 00:00:00;17.42;12.09;4.62;71.49;96.6;51.7;0.1;212.85;2.03;1.0
25/04/2022 00:00:00;21.21;12.18;2.65;72.4;98.0;39.49;0.1;299.42;0.87;2.0
26/04/2022 00:00:00;23.74;13.76;4.5;74.82;96.6;37.51;0.1;249.65;1.24;2.0
27/04/2022 00:00:00;17.18;13.27;11.23;89.6;98.8;65.17;21.2;103.47;0.68;4.0
28/04/2022 00:00:00;17.65;12.9;7.93;85.9;97.5;66.89;2.8;132.99;1.13;8.0
29/04/2022 00:00:00;23.11;14.26;4.69;78.05;98.2;52.74;0.0;297.45;1.29;1.0
30/04/2022 00:00:00;21.9;15.86;9.85;64.02;89.3;44.85;0.0;292.13;2.26;8.0
01/05/2022 00:00:00;23.09;15.23;7.2;59.54;85.7;28.82;0.0;342.71;1.73;8.0
02/05/2022 00:00:00;16.63;11.52;5.32;77.65;96.3;58.87;4.5;128.94;1.34;1.0
03/05/2022 00:00:00;16.49;12.35;9.63;83.8;97.4;64.22;1.6;74.76;0.85;7.0
04/05/2022 00:00:00;18.78;12.98;6.52;72.41;93.3;55.09;0.0;196.76;1.78;1.0
05/05/2022 00:00:00;18.77;12.38;4.69;68.15;94.1;45.82;0.0;235.53;1.99;8.0
06/05/2022 00:00:00;20.15;12.89;4.09;65.78;94.6;39.94;0.0;300.46;2.15;8.0
07/05/2022 00:00:00;23.51;15.41;7.2;62.73;89.9;33.59;0.0;346.07;2.42;8.0
08/05/2022 00:00:00;24.42;17.18;8.79;57.6;89.9;31.79;0.0;338.19;2.15;1.0
09/05/2022 00:00:00;26.2;16.06;5.78;62.15;94.0;23.94;0.0;356.6;0.76;2.0
10/05/2022 00:00:00;28.63;17.47;4.94;60.11;94.3;22.47;0.0;352.2;0.79;2.0
11/05/2022 00:00:00;30.08;19.96;8.51;60.4;93.6;29.72;0.6;329.4;1.3;2.0
12/05/2022 00:00:00;27.7;19.34;12.37;63.81;96.6;35.27;0.0;267.48;1.57;3.0
13/05/2022 00:00:00;29.62;19.89;9.75;65.49;95.6;30.23;0.0;350.58;0.72;1.0
14/05/2022 00:00:00;27.29;17.77;11.12;76.9;97.6;41.47;2.2;201.85;1.06;2.0
15/05/2022 00:00:00;30.77;19.99;10.8;66.68;98.1;26.37;0.1;308.45;1.71;3.0
16/05/2022 00:00:00;29.62;19.87;9.29;58.93;95.2;25.05;0.0;347.8;0.97;2.0
17/05/2022 00:00:00;31.12;21.02;9.93;58.44;93.7;28.98;0.0;355.32;0.87;8.0
18/05/2022 00:00:00;34.19;23.58;12.77;54.86;90.1;25.64;0.0;316.55;1.61;3.0
19/05/2022 00:00:00;33.47;24.08;12.13;53.38;93.9;26.78;0.0;328.24;2.53;3.0
20/05/2022 00:00:00;32.42;23.59;15.41;49.82;86.0;25.89;0.0;271.76;1.92;3.0
21/05/2022 00:00:00;35.16;23.65;11.02;52.51;94.7;20.76;0.0;312.85;1.34;3.0
22/05/2022 00:00:00;31.62;24.26;16.19;48.36;82.7;21.68;0.0;206.71;2.11;3.0
23/05/2022 00:00:00;25.5;17.86;11.93;64.74;92.0;41.54;0.0;220.95;2.06;1.0
24/05/2022 00:00:00;17.44;14.01;10.75;60.55;75.32;46.4;0.0;154.86;2.26;8.0
25/05/2022 00:00:00;21.34;14.64;10.0;57.96;81.4;32.98;0.0;290.97;2.75;8.0
26/05/2022 00:00:00;24.08;16.48;8.09;61.84;87.6;41.35;0.0;367.13;2.44;8.0
27/05/2022 00:00:00;27.46;19.01;11.48;58.67;83.9;32.23;0.0;372.57;2.5;8.0
28/05/2022 00:00:00;31.22;21.09;10.52;54.34;89.3;20.87;0.0;377.2;2.0;8.0
29/05/2022 00:00:00;30.85;21.47;12.73;45.4;75.1;15.69;0.0;381.37;2.25;8.0
30/05/2022 00:00:00;30.4;20.64;11.02;51.74;81.5;24.51;0.0;299.42;1.21;1.0
31/05/2022 00:00:00;30.27;21.05;9.65;54.59;89.2;28.32;0.0;332.29;1.05;2.0
01/06/2022 00:00:00;34.34;24.13;12.68;46.79;84.5;16.51;0.0;350.22;1.74;5.0
02/06/2022 00:00:00;33.91;24.41;14.04;51.08;86.4;23.73;0.0;336.23;1.21;2.0
03/06/2022 00:00:00;33.83;23.55;16.43;61.02;95.3;24.09;0.2;316.32;1.34;2.0
04/06/2022 00:00:00;32.41;21.33;13.4;61.48;94.5;21.78;0.0;325.35;1.47;1.0
05/06/2022 00:00:00;30.57;20.64;10.16;58.59;92.6;26.41;0.0;336.11;1.51;1.0
06/06/2022 00:00:00;30.85;21.02;10.7;56.42;91.0;26.73;0.0;297.34;1.19;1.0
07/06/2022 00:00:00;30.3;21.49;12.21;53.43;89.2;27.81;0.0;365.74;1.87;1.0
08/06/2022 00:00:00;27.65;20.95;13.36;55.87;74.36;37.93;0.0;292.48;1.78;1.0
09/06/2022 00:00:00;27.88;20.51;12.22;56.94;88.5;31.89;0.0;356.6;2.06;1.0
10/06/2022 00:00:00;35.85;24.02;11.98;41.85;78.62;9.31;0.0;382.52;1.53;1.0
11/06/2022 00:00:00;35.52;22.93;13.96;61.11;91.6;23.46;0.0;256.37;1.07;2.0
12/06/2022 00:00:00;33.17;24.33;16.24;60.65;94.7;27.71;0.0;251.39;1.68;2.0
13/06/2022 00:00:00;36.54;25.81;16.2;56.44;85.4;19.83;0.0;352.32;1.37;1.0
14/06/2022 00:00:00;36.32;26.34;15.36;51.73;91.0;19.45;0.0;253.59;0.98;3.0
15/06/2022 00:00:00;40.62;27.97;15.6;47.89;93.5;12.81;0.0;360.76;1.32;1.0
16/06/2022 00:00:00;39.21;28.98;16.46;42.27;74.2;17.88;0.0;305.9;0.92;8.0
17/06/2022 00:00:00;41.42;31.58;20.13;38.04;70.08;13.62;0.0;343.06;1.24;2.0
18/06/2022 00:00:00;41.81;31.39;19.21;34.77;74.5;13.25;0.0;318.17;2.54;3.0
19/06/2022 00:00:00;34.1;27.8;20.92;34.59;66.41;15.77;0.0;367.36;3.14;5.0
20/06/2022 00:00:00;33.0;24.44;17.06;54.16;80.5;17.26;0.0;274.42;2.03;1.0
21/06/2022 00:00:00;32.82;23.76;13.29;50.67;90.1;16.6;0.0;341.44;1.61;4.0
22/06/2022 00:00:00;29.02;21.13;14.64;63.26;96.1;28.08;0.0;271.99;1.35;1.0
23/06/2022 00:00:00;28.47;21.05;14.55;55.95;85.0;26.13;0.0;231.13;1.18;7.0
24/06/2022 00:00:00;29.66;21.24;11.16;48.05;86.1;26.75;0.0;333.45;1.12;7.0
25/06/2022 00:00:00;27.33;18.46;13.02;61.89;83.8;35.76;0.0;181.83;1.5;1.0
26/06/2022 00:00:00;25.16;17.67;11.94;59.58;77.89;38.58;0.0;267.82;1.85;8.0
27/06/2022 00:00:00;21.61;17.13;11.43;59.62;75.42;46.04;0.0;200.46;2.39;8.0
28/06/2022 00:00:00;32.49;20.61;8.92;51.53;87.9;18.66;0.0;380.32;1.68;8.0
29/06/2022 00:00:00;32.23;20.02;9.74;56.25;87.3;24.65;0.0;358.33;1.78;1.0
30/06/2022 00:00:00;21.98;16.32;8.54;60.52;82.9;42.77;0.0;182.41;2.11;8.0
01/07/2022 00:00:00;29.81;19.12;6.31;51.76;90.2;21.5;0.0;379.51;1.41;1.0
02/07/2022 00:00:00;35.91;24.28;11.22;53.02;81.0;26.83;0.0;361.0;1.66;2.0
03/07/2022 00:00:00;32.87;21.92;14.55;63.1;85.7;30.94;0.3;287.73;1.73;1.0
04/07/2022 00:00:00;29.52;20.38;14.03;65.14;90.1;38.35;0.3;331.6;1.93;8.0
05/07/2022 00:00:00;31.76;22.58;14.6;60.02;84.8;36.87;0.0;361.46;2.18;8.0
06/07/2022 00:00:00;21.0;18.38;15.25;77.27;97.4;63.59;14.97;61.35;1.53;8.0
07/07/2022 00:00:00;26.92;20.95;14.79;60.61;82.0;40.95;0.3;365.97;3.06;8.0
08/07/2022 00:00:00;30.16;22.66;15.7;55.5;75.94;32.57;0.2;377.66;2.75;8.0
09/07/2022 00:00:00;36.12;25.3;14.28;49.48;86.0;16.97;0.1;379.17;1.78;8.0
10/07/2022 00:00:00;36.98;26.79;16.16;45.06;74.9;12.29;0.0;378.7;1.42;1.0
11/07/2022 00:00:00;37.96;27.31;15.38;50.32;89.4;16.73;0.0;369.1;1.04;2.0
12/07/2022 00:00:00;39.15;27.93;16.47;49.21;89.7;15.29;0.0;368.17;1.18;2.0
13/07/2022 00:00:00;41.24;28.53;16.07;36.8;85.1;7.61;0.0;360.65;1.01;1.0
14/07/2022 00:00:00;40.81;27.9;13.35;34.42;76.05;8.17;0.0;354.86;1.14;1.0
15/07/2022 00:00:00;39.7;28.59;16.46;36.47;66.13;9.29;0.0;336.11;1.26;1.0
16/07/2022 00:00:00;41.86;29.16;16.09;37.41;74.81;10.62;0.0;333.68;1.15;2.0
17/07/2022 00:00:00;42.0;29.5;16.42;35.45;69.35;11.17;0.0;343.06;0.94;2.0
18/07/2022 00:00:00;40.44;31.61;21.74;33.6;60.6;16.95;0.0;344.87;2.24;3.0
19/07/2022 00:00:00;39.26;28.88;20.25;43.88;73.61;14.87;0.0;348.84;1.84;1.0
20/07/2022 00:00:00;31.77;23.86;16.05;58.22;85.5;35.15;0.0;349.65;1.99;1.0
21/07/2022 00:00:00;37.13;26.57;13.91;53.02;88.3;25.17;0.0;345.14;1.49;2.0
22/07/2022 00:00:00;31.31;23.83;16.53;62.68;83.6;43.09;0.0;301.04;1.98;1.0
23/07/2022 00:00:00;33.65;23.67;15.05;55.86;83.0;28.97;0.0;349.54;1.31;1.0
24/07/2022 00:00:00;38.99;27.44;15.14;51.41;88.3;19.99;0.0;338.54;1.27;2.0
25/07/2022 00:00:00;30.62;23.5;17.84;53.34;71.99;34.46;0.0;353.47;2.49;8.0
26/07/2022 00:00:00;27.84;22.03;17.18;53.86;73.18;38.22;0.0;355.56;2.59;8.0
27/07/2022 00:00:00;30.66;22.13;15.1;50.81;72.37;30.15;0.0;353.82;1.9;8.0
28/07/2022 00:00:00;32.92;22.67;14.22;51.37;81.2;26.06;0.0;338.31;1.3;8.0
29/07/2022 00:00:00;29.57;22.79;17.37;52.28;69.37;38.04;0.0;318.4;1.97;8.0
30/07/2022 00:00:00;31.86;23.34;14.0;58.47;87.9;31.59;0.0;352.43;1.66;8.0
31/07/2022 00:00:00;33.89;24.48;15.98;58.18;83.7;32.2;0.0;342.71;1.64;1.0
01/08/2022 00:00:00;35.73;24.88;15.49;57.94;90.2;28.32;0.0;346.64;1.52;1.0
02/08/2022 00:00:00;38.25;26.99;14.1;50.99;93.1;19.39;0.0;339.01;1.02;2.0
03/08/2022 00:00:00;37.09;26.67;18.4;50.93;75.25;22.89;0.0;236.57;1.17;2.0
04/08/2022 00:00:00;37.54;25.54;15.89;60.68;94.9;22.49;11.0;296.18;1.63;2.0
05/08/2022 00:00:00;31.41;22.79;16.75;69.36;94.9;40.02;0.0;329.51;1.7;1.0
06/08/2022 00:00:00;32.99;24.67;17.07;61.3;86.6;32.48;0.0;288.19;1.14;8.0
07/08/2022 00:00:00;35.91;26.81;18.72;53.72;78.8;27.71;0.1;314.35;1.2;1.0
08/08/2022 00:00:00;35.68;26.92;17.39;54.04;89.5;29.83;0.0;303.7;1.16;2.0
09/08/2022 00:00:00;34.6;26.98;17.77;56.57;96.7;29.33;1.3;260.76;1.11;2.0
10/08/2022 00:00:00;36.89;28.24;17.76;46.41;86.5;23.15;0.0;292.71;0.98;2.0
11/08/2022 00:00:00;37.28;28.29;19.73;46.72;81.7;21.91;0.0;274.65;1.02;3.0
12/08/2022 00:00:00;39.27;29.95;19.27;43.03;74.9;18.78;0.0;320.26;0.96;2.0
13/08/2022 00:00:00;36.77;27.44;18.53;51.16;89.8;24.45;0.0;207.64;1.24;4.0
14/08/2022 00:00:00;31.67;23.62;15.65;58.3;89.7;23.68;0.0;282.76;1.6;1.0
15/08/2022 00:00:00;31.93;22.37;13.04;55.64;92.5;22.96;0.0;323.5;1.21;1.0
16/08/2022 00:00:00;32.04;23.25;15.61;51.17;78.2;21.72;0.1;275.35;1.34;8.0
17/08/2022 00:00:00;27.37;19.34;10.99;60.5;92.3;32.98;0.0;284.61;2.14;8.0
18/08/2022 00:00:00;24.44;19.23;15.14;60.54;77.12;44.8;0.0;248.84;3.08;7.0
19/08/2022 00:00:00;30.67;21.45;14.28;55.12;78.57;28.62;0.0;318.87;1.92;8.0
20/08/2022 00:00:00;35.1;23.46;11.17;53.83;92.5;21.17;0.0;316.9;0.99;1.0
21/08/2022 00:00:00;32.7;23.8;16.62;57.19;90.6;28.51;0.0;308.33;1.89;1.0
22/08/2022 00:00:00;28.57;22.22;15.83;62.58;83.5;45.77;0.0;242.82;2.19;8.0
23/08/2022 00:00:00;34.02;25.02;17.12;59.09;84.2;26.38;0.0;311.46;1.48;1.0
24/08/2022 00:00:00;32.96;23.25;15.65;72.55;93.5;39.57;4.0;157.18;1.14;2.0
25/08/2022 00:00:00;30.94;24.19;18.67;66.92;93.4;42.4;0.0;241.78;1.87;1.0
26/08/2022 00:00:00;29.46;22.51;15.3;61.66;89.5;36.03;0.0;264.47;1.73;8.0
27/08/2022 00:00:00;32.2;22.14;12.18;60.41;91.7;26.36;0.0;302.66;0.71;2.0
28/08/2022 00:00:00;35.48;25.54;14.36;54.32;92.3;25.33;0.1;276.97;1.51;2.0
29/08/2022 00:00:00;31.15;22.62;16.6;72.77;97.2;43.47;4.8;149.42;1.33;3.0
30/08/2022 00:00:00;33.82;23.46;13.85;68.68;98.5;25.87;0.2;275.46;0.94;2.0
31/08/2022 00:00:00;30.91;23.78;16.71;64.9;89.6;38.9;0.0;267.25;2.2;8.0
01/09/2022 00:00:00;31.95;22.51;13.15;64.61;96.1;30.59;0.0;285.65;1.0;1.0
02/09/2022 00:00:00;29.94;22.0;15.14;63.04;87.4;37.34;0.0;237.41;1.68;1.0
03/09/2022 00:00:00;30.35;21.62;11.99;61.54;92.6;31.48;0.0;286.69;0.99;2.0
04/09/2022 00:00:00;32.64;22.85;12.55;53.0;94.7;13.19;0.0;283.33;1.39;3.0
05/09/2022 00:00:00;34.6;22.01;10.3;42.04;74.06;13.29;0.0;278.94;1.14;1.0
06/09/2022 00:00:00;32.28;22.44;11.95;47.26;77.17;23.44;0.0;288.54;0.98;8.0
07/09/2022 00:00:00;27.32;18.94;11.89;56.94;92.0;26.81;0.0;171.41;0.67;8.0
08/09/2022 00:00:00;30.44;20.48;11.35;54.77;79.78;29.7;0.0;256.94;0.85;2.0
09/09/2022 00:00:00;30.03;20.73;13.63;59.3;87.5;23.6;0.0;276.16;1.34;1.0
10/09/2022 00:00:00;32.28;21.27;10.15;55.58;92.1;25.52;0.0;274.31;0.71;2.0
11/09/2022 00:00:00;34.93;25.0;14.73;57.62;79.24;29.61;0.0;227.78;1.25;3.0
12/09/2022 00:00:00;32.97;24.49;19.9;67.1;94.6;36.38;6.8;129.75;1.98;3.0
13/09/2022 00:00:00;26.51;21.61;19.19;77.5;92.9;55.43;1.3;88.3;3.07;4.0
14/09/2022 00:00:00;28.66;21.98;16.07;64.82;95.5;31.28;0.0;203.01;0.87;2.0
15/09/2022 00:00:00;28.4;21.46;15.9;66.2;89.7;38.59;0.0;172.92;0.93;8.0
16/09/2022 00:00:00;25.27;18.64;13.19;67.72;94.6;38.75;0.0;178.13;1.66;8.0
17/09/2022 00:00:00;26.32;18.47;11.58;51.96;75.42;23.73;0.0;257.87;1.94;8.0
18/09/2022 00:00:00;27.67;17.36;6.41;64.92;94.1;37.65;0.0;250.35;0.74;2.0
19/09/2022 00:00:00;30.69;19.65;9.99;53.1;95.3;21.39;0.0;246.76;1.16;1.0
20/09/2022 00:00:00;28.63;18.73;9.52;42.21;77.01;16.15;0.0;261.0;1.54;8.0
21/09/2022 00:00:00;27.6;16.49;5.12;57.35;88.5;23.24;0.0;254.17;1.27;1.0
22/09/2022 00:00:00;26.89;15.9;4.94;54.76;92.4;21.51;0.0;250.69;0.59;1.0
23/09/2022 00:00:00;24.7;17.22;9.93;71.93;87.6;54.19;0.6;107.87;1.04;1.0
24/09/2022 00:00:00;20.43;14.72;9.38;71.13;92.2;48.95;0.0;103.36;1.49;8.0
25/09/2022 00:00:00;20.77;13.86;6.78;63.19;93.3;35.93;0.0;217.71;1.67;8.0
26/09/2022 00:00:00;20.89;13.97;6.68;66.17;92.1;41.3;0.0;156.25;1.67;7.0
27/09/2022 00:00:00;19.71;15.66;12.73;65.49;92.8;50.05;0.1;93.87;2.57;7.0
28/09/2022 00:00:00;24.69;17.4;10.89;59.22;88.3;33.43;0.0;178.59;2.24;8.0
29/09/2022 00:00:00;19.56;14.21;10.39;65.34;82.7;44.76;0.1;124.77;1.98;8.0
30/09/2022 00:00:00;19.31;13.79;6.66;68.03;92.7;42.75;0.0;122.22;2.25;8.0
01/10/2022 00:00:00;25.83;14.45;3.89;67.25;95.4;34.79;0.0;214.01;0.59;1.0
02/10/2022 00:00:00;28.3;17.02;6.32;64.79;95.4;24.9;0.0;223.61;0.65;2.0
03/10/2022 00:00:00;30.66;17.92;6.32;61.42;93.7;24.97;0.0;230.32;0.61;1.0
04/10/2022 00:00:00;31.16;18.41;6.77;55.23;93.2;15.57;0.0;222.57;0.88;1.0
05/10/2022 00:00:00;27.49;17.39;7.78;64.07;87.5;34.26;0.0;206.94;1.06;2.0
06/10/2022 00:00:00;25.15;17.12;9.75;67.55;90.6;41.23;0.0;200.58;0.69;2.0
07/10/2022 00:00:00;26.14;16.65;8.51;69.0;93.7;39.34;0.0;178.82;0.83;2.0
08/10/2022 00:00:00;24.28;16.79;9.2;71.52;94.7;44.11;0.0;168.06;1.3;1.0
09/10/2022 00:00:00;26.26;16.09;6.82;71.59;95.0;37.94;0.0;162.04;0.68;1.0
10/10/2022 00:00:00;23.43;17.48;12.01;72.25;89.1;52.51;0.0;116.09;1.19;3.0
11/10/2022 00:00:00;22.67;15.95;11.59;88.7;97.9;58.16;2.8;63.43;0.46;1.0
12/10/2022 00:00:00;23.4;15.84;9.07;82.5;97.8;47.97;0.1;109.49;0.87;8.0
13/10/2022 00:00:00;24.42;15.48;6.32;73.51;98.5;46.3;0.1;160.3;0.74;2.0
14/10/2022 00:00:00;27.41;17.11;9.72;71.88;95.9;34.76;0.0;196.88;0.54;1.0
15/10/2022 00:00:00;28.72;16.52;6.6;69.54;97.1;30.28;0.1;192.71;0.67;2.0
16/10/2022 00:00:00;29.64;20.78;11.27;58.97;95.4;29.43;0.0;164.58;2.15;4.0
17/10/2022 00:00:00;26.47;18.51;14.16;82.7;97.6;52.37;6.9;90.15;1.85;4.0
18/10/2022 00:00:00;26.24;20.18;14.75;78.56;97.3;57.2;0.1;147.11;1.5;3.0
19/10/2022 00:00:00;26.99;20.6;14.83;66.27;90.0;34.34;0.0;73.74;2.43;4.0
20/10/2022 00:00:00;23.96;17.84;10.91;65.87;92.1;37.67;5.0;64.93;2.8;4.0
21/10/2022 00:00:00;22.67;18.09;15.2;68.97;91.5;48.86;0.4;50.37;1.97;4.0
22/10/2022 00:00:00;25.17;18.77;13.78;66.26;94.4;38.21;3.0;151.85;2.87;4.0
23/10/2022 00:00:00;25.93;19.79;15.17;54.45;81.0;23.88;0.0;116.9;2.35;5.0
24/10/2022 00:00:00;21.45;14.86;7.37;70.72;95.7;37.85;0.0;114.47;0.63;1.0
25/10/2022 00:00:00;23.37;17.45;13.41;63.59;82.2;35.2;0.0;98.73;1.86;3.0
26/10/2022 00:00:00;23.44;17.92;12.57;60.75;78.7;38.35;0.0;111.16;1.57;3.0
27/10/2022 00:00:00;25.39;20.65;14.19;51.07;73.11;34.71;0.0;49.57;2.29;4.0
28/10/2022 00:00:00;25.74;19.79;14.58;52.53;67.06;32.65;0.0;75.53;1.28;4.0
29/10/2022 00:00:00;24.12;18.32;13.32;59.0;85.5;41.57;0.0;121.53;1.95;3.0
30/10/2022 00:00:00;18.85;15.42;10.19;80.5;97.4;65.91;7.2;52.76;0.87;3.0
31/10/2022 00:00:00;18.99;15.21;10.11;85.8;98.3;61.53;1.0;31.47;2.29;4.0
01/11/2022 00:00:00;21.24;13.44;7.01;81.6;97.8;47.46;0.2;158.1;0.51;1.0
02/11/2022 00:00:00;20.18;11.25;4.98;81.76;95.9;33.6;0.0;134.05;0.74;2.0
03/11/2022 00:00:00;19.68;13.64;8.46;79.64;96.8;54.19;0.4;59.01;1.16;7.0
04/11/2022 00:00:00;14.24;9.5;2.99;75.44;95.5;50.96;0.3;96.88;2.13;8.0
05/11/2022 00:00:00;18.87;9.72;3.06;74.51;94.1;40.94;0.0;152.66;0.85;1.0
06/11/2022 00:00:00;18.48;8.04;0.3;75.72;95.7;36.92;0.0;131.25;0.48;2.0
07/11/2022 00:00:00;20.25;10.71;-0.19;70.65;96.2;45.37;0.0;124.88;1.57;3.0
08/11/2022 00:00:00;17.66;15.17;12.02;65.85;77.66;58.51;0.1;36.69;1.8;4.0
09/11/2022 00:00:00;18.35;12.1;4.65;80.2;96.2;53.01;0.3;64.48;0.88;1.0
10/11/2022 00:00:00;20.99;10.03;2.55;76.47;96.5;38.25;0.1;143.17;0.74;1.0
11/11/2022 00:00:00;19.01;10.12;1.39;79.6;96.0;50.62;0.2;111.57;1.69;3.0
12/11/2022 00:00:00;17.47;12.2;7.16;82.2;94.4;62.6;0.0;63.41;1.47;3.0
13/11/2022 00:00:00;20.86;10.86;3.76;79.37;96.6;45.72;0.0;128.7;0.85;2.0
14/11/2022 00:00:00;15.58;10.38;4.52;91.7;97.1;75.94;0.7;41.34;0.4;1.0
15/11/2022 00:00:00;17.57;11.65;7.45;89.7;97.8;68.73;1.0;34.95;0.85;2.0
16/11/2022 00:00:00;16.76;11.61;6.8;78.83;92.8;56.69;0.0;71.6;0.71;4.0
17/11/2022 00:00:00;21.73;13.1;7.52;76.37;96.2;36.74;2.0;100.23;1.44;7.0
18/11/2022 00:00:00;12.92;9.4;7.04;77.55;94.6;52.62;0.2;55.42;1.48;8.0
19/11/2022 00:00:00;11.44;8.02;5.21;69.09;82.4;54.69;0.0;103.82;2.83;8.0
20/11/2022 00:00:00;15.82;9.46;5.89;81.1;93.1;62.35;0.7;85.26;0.92;1.0
21/11/2022 00:00:00;12.36;8.94;5.95;84.6;94.5;65.66;10.3;33.87;1.5;8.0
22/11/2022 00:00:00;9.13;6.93;4.52;78.49;96.2;62.17;2.8;28.72;1.56;7.0
23/11/2022 00:00:00;14.8;9.07;5.6;90.9;97.2;69.17;2.2;53.91;0.66;1.0
24/11/2022 00:00:00;11.05;7.61;3.87;94.1;97.3;81.7;6.3;23.66;0.58;2.0
25/11/2022 00:00:00;13.88;8.21;2.21;83.3;98.0;57.56;3.0;80.95;1.34;8.0
26/11/2022 00:00:00;14.11;5.61;0.77;85.0;96.5;52.15;0.1;90.26;0.48;1.0
27/11/2022 00:00:00;11.21;4.91;-0.89;88.9;97.1;65.36;0.9;90.79;0.43;1.0
28/11/2022 00:00:00;14.61;9.59;6.82;73.03;96.2;50.64;1.2;92.94;2.36;7.0
29/11/2022 00:00:00;12.44;9.37;6.99;76.2;91.5;65.81;0.0;26.7;1.79;7.0
30/11/2022 00:00:00;14.77;7.22;1.01;85.2;96.3;55.46;0.0;85.36;0.47;2.0
01/12/2022 00:00:00;12.25;5.03;-0.78;77.37;96.7;52.81;0.1;113.08;1.68;8.0
02/12/2022 00:00:00;8.26;3.09;-0.88;83.1;95.6;57.66;0.0;47.49;0.49;2.0
03/12/2022 00:00:00;4.94;2.91;0.97;91.6;95.7;84.4;3.4;15.32;0.6;4.0
04/12/2022 00:00:00;5.27;3.53;2.6;87.1;94.8;73.83;0.0;25.05;0.65;4.0
05/12/2022 00:00:00;5.9;4.21;2.5;90.8;96.0;80.4;3.0;31.49;0.95;3.0
06/12/2022 00:00:00;9.55;7.06;5.29;94.7;97.4;89.3;0.3;25.29;0.4;5.0
07/12/2022 00:00:00;15.91;9.15;4.91;88.0;97.8;57.03;0.0;87.86;0.6;3.0
08/12/2022 00:00:00;9.26;7.97;7.09;96.1;97.8;91.9;13.0;9.11;1.33;4.0
09/12/2022 00:00:00;10.87;9.06;7.74;95.2;98.2;75.56;1.6;35.78;0.46;7.0
10/12/2022 00:00:00;9.16;5.06;-0.37;69.92;91.4;48.98;0.1;89.72;2.27;1.0
11/12/2022 00:00:00;5.1;2.92;-0.42;86.6;96.4;70.3;1.7;33.3;0.41;3.0
12/12/2022 00:00:00;6.32;4.84;3.15;96.2;97.8;93.5;10.5;8.7;0.79;3.0
13/12/2022 00:00:00;9.39;7.45;5.82;96.8;98.4;90.9;5.6;24.46;0.41;4.0
14/12/2022 00:00:00;16.08;9.47;4.16;90.6;98.4;67.3;4.3;76.38;1.11;3.0
15/12/2022 00:00:00;13.04;9.93;7.32;94.1;98.0;82.0;1.8;50.49;0.61;5.0
16/12/2022 00:00:00;12.64;7.77;2.01;86.1;97.3;68.18;0.1;58.45;1.33;8.0
17/12/2022 00:00:00;11.22;4.82;-1.25;88.0;96.9;61.67;0.1;96.88;0.56;2.0
18/12/2022 00:00:00;13.59;7.3;2.21;87.8;97.5;67.94;0.0;75.49;1.32;4.0
19/12/2022 00:00:00;13.2;9.71;7.34;85.4;92.8;71.82;0.0;72.6;2.94;4.0
20/12/2022 00:00:00;11.26;9.4;6.32;88.0;97.1;79.93;1.4;18.63;2.78;3.0
21/12/2022 00:00:00;16.42;9.24;4.51;88.2;98.2;61.63;0.2;73.57;0.75;6.0
22/12/2022 00:00:00;17.66;10.08;3.86;85.8;97.5;61.59;0.0;73.07;0.67;5.0
23/12/2022 00:00:00;14.14;7.52;3.47;94.6;97.9;79.09;0.0;43.8;0.45;2.0
24/12/2022 00:00:00;16.14;7.24;2.72;89.4;98.3;59.28;0.1;97.57;0.54;1.0
25/12/2022 00:00:00;18.6;12.44;3.24;67.88;97.6;45.67;0.1;98.03;3.0;4.0
26/12/2022 00:00:00;16.56;8.81;3.41;82.4;97.0;53.5;0.0;89.43;0.55;1.0
27/12/2022 00:00:00;14.83;8.37;2.98;91.0;98.0;67.26;0.0;75.56;0.44;2.0
28/12/2022 00:00:00;12.08;6.48;2.1;94.1;98.3;73.99;0.1;61.35;0.45;8.0
29/12/2022 00:00:00;13.07;9.14;4.41;91.1;97.7;72.89;6.8;43.23;0.61;2.0
30/12/2022 00:00:00;16.36;11.63;9.1;90.1;97.9;72.51;0.6;49.11;0.67;2.0
31/12/2022 00:00:00;17.22;12.17;6.95;64.3;94.0;42.57;0.0;95.26;2.92;4.0
