<?xml version="1.0" encoding="UTF-8"?>
<project-private xmlns="http://www.netbeans.org/ns/project-private/1">
    <editor-bookmarks xmlns="http://www.netbeans.org/ns/editor-bookmarks/2" lastBookmarkId="0"/>
    <open-files xmlns="http://www.netbeans.org/ns/projectui-open-files/2">
        <group>
            <file>file:/C:/Users/Eduardo/Desktop/Eduardo%20Ezponda/PROGRAMACIÓN%20SEGURA/TimerForMatcher/TimerForMatcher/TimerForMatcher/src/mtimer/MatcherTimer.java</file>
            <file>file:/C:/Users/Eduardo/Desktop/Eduardo%20Ezponda/PROGRAMACIÓN%20SEGURA/TimerForMatcher/TimerForMatcher/TimerForMatcher/src/main/TimeoutRegexpTest.java</file>
        </group>
    </open-files>
</project-private>
