<?xml version="1.0" encoding="UTF-8"?>
<project-private xmlns="http://www.netbeans.org/ns/project-private/1">
    <editor-bookmarks xmlns="http://www.netbeans.org/ns/editor-bookmarks/2" lastBookmarkId="0"/>
    <open-files xmlns="http://www.netbeans.org/ns/projectui-open-files/2">
        <group>
            <file>file:/C:/Users/Eduardo/Desktop/PROYECTO%20FINAL/RoscoBotones/src/roscobotones/ClientRoscoFrame.java</file>
            <file>file:/C:/Users/Eduardo/Desktop/PROYECTO%20FINAL/RoscoBotones/src/roscobotones/RoscoFrame.java</file>
            <file>file:/C:/Users/Eduardo/Desktop/PROYECTO%20FINAL/RoscoBotones/src/serverClients/</file>
            <file>file:/C:/Users/Eduardo/Desktop/PROYECTO%20FINAL/RoscoBotones/src/roscobotones/ReadFromCSV.java</file>
            <file>file:/C:/Users/Eduardo/Desktop/PROYECTO%20FINAL/RoscoBotones/src/serverClients/TCPEchoServer.java</file>
            <file>file:/C:/Users/Eduardo/Desktop/PROYECTO%20FINAL/RoscoBotones/src/serverClients/ClientInfo.java</file>
            <file>file:/C:/Users/Eduardo/Desktop/PROYECTO%20FINAL/RoscoBotones/src/roscobotones/QuestionFrame.java</file>
        </group>
    </open-files>
</project-private>
